INSERT INTO AUTHOR VALUES (1, 'United States', 'author1@example.com', 'Author One');
INSERT INTO AUTHOR VALUES (2, 'Canada', 'author2@example.com', 'Author Two');
INSERT INTO AUTHOR VALUES (3, 'United Kingdom', 'author3@example.com', 'Author Three');
INSERT INTO AUTHOR VALUES (4, 'Australia', 'author4@example.com', 'Author Four');
INSERT INTO AUTHOR VALUES (5, 'Germany', 'author5@example.com', 'Author Five');
INSERT INTO AUTHOR VALUES (6, 'France', 'author6@example.com', 'Author Six');
INSERT INTO AUTHOR VALUES (7, 'Japan', 'author7@example.com', 'Author Seven');
INSERT INTO AUTHOR VALUES (8, 'China', 'author8@example.com', 'Author Eight');
INSERT INTO AUTHOR VALUES (9, 'India', 'author9@example.com', 'Author Nine');
INSERT INTO AUTHOR VALUES (10, 'Brazil', 'author10@example.com', 'Author Ten');
INSERT INTO AUTHOR VALUES (11, 'Argentina', 'author11@example.com', 'Author Eleven');
INSERT INTO AUTHOR VALUES (12, 'Colombia', 'author12@example.com', 'Author Twelve');
INSERT INTO AUTHOR VALUES (13, 'Netherlands', 'author13@example.com', 'Author Thirteen');
INSERT INTO AUTHOR VALUES (14, 'Spain', 'author14@example.com', 'Author Fourteen');
INSERT INTO AUTHOR VALUES (15, 'Sweden', 'author15@example.com', 'Author Fifteen');
INSERT INTO AUTHOR VALUES (16, 'Italy', 'author16@example.com', 'Author Sixteen');
INSERT INTO AUTHOR VALUES (17, 'Russia', 'author17@example.com', 'Author Seventeen');
INSERT INTO AUTHOR VALUES (18, 'South Korea', 'author18@example.com', 'Author Eighteen');
INSERT INTO AUTHOR VALUES (19, 'Mexico', 'author19@example.com', 'Author Nineteen');
INSERT INTO AUTHOR VALUES (20, 'Indonesia', 'author20@example.com', 'Author Twenty');
INSERT INTO AUTHOR VALUES (21, 'Nigeria', 'author21@example.com', 'Author Twenty One');
INSERT INTO AUTHOR VALUES (22, 'Egypt', 'author22@example.com', 'Author Twenty Two');
INSERT INTO AUTHOR VALUES (23, 'Philippines', 'author23@example.com', 'Author Twenty Three');
INSERT INTO AUTHOR VALUES (24, 'Vietnam', 'author24@example.com', 'Author Twenty Four');
INSERT INTO AUTHOR VALUES (25, 'Bangladesh', 'author25@example.com', 'Author Twenty Five');
INSERT INTO AUTHOR VALUES (26, 'Turkey', 'author26@example.com', 'Author Twenty Six');
INSERT INTO AUTHOR VALUES (27, 'Thailand', 'author27@example.com', 'Author Twenty Seven');
INSERT INTO AUTHOR VALUES (28, 'Poland', 'author28@example.com', 'Author Twenty Eight');
INSERT INTO AUTHOR VALUES (29, 'Argentina', 'author29@example.com', 'Author Twenty Nine');
INSERT INTO AUTHOR VALUES (30, 'Ukraine', 'author30@example.com', 'Author Thirty');
INSERT INTO AUTHOR VALUES (31, 'Saudi Arabia', 'author31@example.com', 'Author Thirty One');
INSERT INTO AUTHOR VALUES (32, 'Malaysia', 'author32@example.com', 'Author Thirty Two');
INSERT INTO AUTHOR VALUES (33, 'Czech Republic', 'author33@example.com', 'Author Thirty Three');
INSERT INTO AUTHOR VALUES (34, 'Belgium', 'author34@example.com', 'Author Thirty Four');
INSERT INTO AUTHOR VALUES (35, 'Greece', 'author35@example.com', 'Author Thirty Five');
INSERT INTO AUTHOR VALUES (36, 'Portugal', 'author36@example.com', 'Author Thirty Six');
INSERT INTO AUTHOR VALUES (37, 'Hungary', 'author37@example.com', 'Author Thirty Seven');
INSERT INTO AUTHOR VALUES (38, 'Switzerland', 'author38@example.com', 'Author Thirty Eight');
INSERT INTO AUTHOR VALUES (39, 'Austria', 'author39@example.com', 'Author Thirty Nine');
INSERT INTO AUTHOR VALUES (40, 'United Arab Emirates', 'author40@example.com', 'Author Forty');

INSERT INTO Book VALUES (1, 20, '978-0007470476', 'The Hitchhiker''s Guide to the Galaxy');
INSERT INTO Book VALUES (2, 30, '978-0385492336', 'Dune');
INSERT INTO Book VALUES (3, 25, '978-0060928254', 'The Lord of the Rings: The Fellowship of the Ring');
INSERT INTO Book VALUES (4, 15, '978-0375402584', 'The Hunger Games');
INSERT INTO Book VALUES (5, 35, '978-0316767944', 'Harry Potter and the Sorcerer''s Stone');
INSERT INTO Book VALUES (6, 20, '978-0440470428', 'The Curious Incident of the Dog in the Night-Time');
INSERT INTO Book VALUES (7, 15, '978-0310296501', 'The Perks of Being a Wallflower');
INSERT INTO Book VALUES (8, 25, '978-0316196333', 'A Game of Thrones');
INSERT INTO Book VALUES (9, 15, '978-0385533258', 'The Fault in Our Stars');
INSERT INTO Book VALUES (10, 30, '978-1400050766', '1984');
INSERT INTO Book VALUES (11, 15, '978-0141320290', 'The Handmaid''s Tale');
INSERT INTO Book VALUES (12, 25, '978-0345513274', 'The Book Thief');
INSERT INTO Book VALUES (13, 20, '978-0451527822', 'To Kill a Mockingbird');
INSERT INTO Book VALUES (14, 15, '978-0156027300', 'The Giver');
INSERT INTO Book VALUES (15, 30, '978-0316766668', 'Pride and Prejudice');
INSERT INTO Book VALUES (16, 20, '978-0451526665', 'Little Women');
INSERT INTO Book VALUES (17, 25, '980-3855333258', 'The Alchemist');
INSERT INTO Book VALUES (18, 15, '978-0312424567', 'The Absolutely True Diary of a Part-Time Indian');
INSERT INTO Book VALUES (19, 30, '978-1442401237', 'The Martian');
INSERT INTO Book VALUES (20, 25, '978-0375823336', 'The Hate U Give');
INSERT INTO Book VALUES (21, 15, '978-0385534836', 'Wonder');
INSERT INTO Book VALUES (22, 25, '978-1423110726', 'The Color Purple');
INSERT INTO Book VALUES (23, 20, '978-1534440022', 'Where the Crawdads Sing');
INSERT INTO Book VALUES (24, 15, '978-1524715353', 'Everything Everything');
INSERT INTO Book VALUES (25, 30, '978-0316772366', 'The Lord of the Flies');

INSERT INTO BOOK_AUTHOR VALUES (1, 2);
INSERT INTO BOOK_AUTHOR VALUES (2, 3);
INSERT INTO BOOK_AUTHOR VALUES (3, 4);
INSERT INTO BOOK_AUTHOR VALUES (4, 5);
INSERT INTO BOOK_AUTHOR VALUES (5, 6);
INSERT INTO BOOK_AUTHOR VALUES (6, 7);
INSERT INTO BOOK_AUTHOR VALUES (7, 8);
INSERT INTO BOOK_AUTHOR VALUES (8, 9);
INSERT INTO BOOK_AUTHOR VALUES (9, 10);
INSERT INTO BOOK_AUTHOR VALUES (11, 12);
INSERT INTO BOOK_AUTHOR VALUES (12, 13);
INSERT INTO BOOK_AUTHOR VALUES (13, 14);
INSERT INTO BOOK_AUTHOR VALUES (14, 15);
INSERT INTO BOOK_AUTHOR VALUES (15, 16);
INSERT INTO BOOK_AUTHOR VALUES (16, 17);
INSERT INTO BOOK_AUTHOR VALUES (17, 18);
INSERT INTO BOOK_AUTHOR VALUES (18, 19);
INSERT INTO BOOK_AUTHOR VALUES (19, 20);
INSERT INTO BOOK_AUTHOR VALUES (20, 21);
INSERT INTO BOOK_AUTHOR VALUES (21, 22);
INSERT INTO BOOK_AUTHOR VALUES (22, 23);
INSERT INTO BOOK_AUTHOR VALUES (23, 24);
INSERT INTO BOOK_AUTHOR VALUES (24, 25);
INSERT INTO BOOK_AUTHOR VALUES (25, 2);
INSERT INTO BOOK_AUTHOR VALUES (26, 3);
INSERT INTO BOOK_AUTHOR VALUES (27, 4);
INSERT INTO BOOK_AUTHOR VALUES (28, 5);
INSERT INTO BOOK_AUTHOR VALUES (29, 6);
INSERT INTO BOOK_AUTHOR VALUES (30, 7);
INSERT INTO BOOK_AUTHOR VALUES (31, 8);
INSERT INTO BOOK_AUTHOR VALUES (32, 9);
INSERT INTO BOOK_AUTHOR VALUES (33, 10);
INSERT INTO BOOK_AUTHOR VALUES (34, 11);
INSERT INTO BOOK_AUTHOR VALUES (35, 12);
INSERT INTO BOOK_AUTHOR VALUES (36, 13);
INSERT INTO BOOK_AUTHOR VALUES (37, 14);
INSERT INTO BOOK_AUTHOR VALUES (38, 15);
INSERT INTO BOOK_AUTHOR VALUES (39, 16);
INSERT INTO BOOK_AUTHOR VALUES (40, 17);

INSERT INTO GENRE VALUES (1, 'Fiction');
INSERT INTO GENRE VALUES (2, 'Non-Fiction');
INSERT INTO GENRE VALUES (3, 'Mystery');
INSERT INTO GENRE VALUES (4, 'Sci-Fi');
INSERT INTO GENRE VALUES (5, 'Fantasy');
INSERT INTO GENRE VALUES (6, 'Romance');
INSERT INTO GENRE VALUES (7, 'Horror');
INSERT INTO GENRE VALUES (8, 'Thriller');
INSERT INTO GENRE VALUES (9, 'Biography');
INSERT INTO GENRE VALUES (10, 'History');

INSERT INTO BOOK_GENRE VALUES (1, 3);
INSERT INTO BOOK_GENRE VALUES (2, 5);
INSERT INTO BOOK_GENRE VALUES (3, 7);
INSERT INTO BOOK_GENRE VALUES (4, 9);
INSERT INTO BOOK_GENRE VALUES (5, 1);
INSERT INTO BOOK_GENRE VALUES (6, 2);
INSERT INTO BOOK_GENRE VALUES (7, 4);
INSERT INTO BOOK_GENRE VALUES (8, 6);
INSERT INTO BOOK_GENRE VALUES (9, 8);
INSERT INTO BOOK_GENRE VALUES (10, 10);
INSERT INTO BOOK_GENRE VALUES (11, 3);
INSERT INTO BOOK_GENRE VALUES (12, 5);
INSERT INTO BOOK_GENRE VALUES (13, 7);
INSERT INTO BOOK_GENRE VALUES (14, 9);
INSERT INTO BOOK_GENRE VALUES (15, 1);
INSERT INTO BOOK_GENRE VALUES (16, 2);
INSERT INTO BOOK_GENRE VALUES (17, 4);
INSERT INTO BOOK_GENRE VALUES (18, 6);
INSERT INTO BOOK_GENRE VALUES (19, 8);
INSERT INTO BOOK_GENRE VALUES (20, 10);
INSERT INTO BOOK_GENRE VALUES (21, 3);
INSERT INTO BOOK_GENRE VALUES (22, 5);
INSERT INTO BOOK_GENRE VALUES (23, 7);
INSERT INTO BOOK_GENRE VALUES (24, 9);
INSERT INTO BOOK_GENRE VALUES (25, 1);

INSERT INTO BORROWER VALUES (1234567890, '123 Main Street, Anytown, CA 91234', 'John Doe', '(123) 456-7890');
INSERT INTO BORROWER VALUES (9876543210, '456 Elm Street, Anytown, CA 91234', 'Jane Doe', '(456) 789-0123');
INSERT INTO BORROWER VALUES (3456789012, '789 Oak Street, Anytown, CA 91234', 'Peter Parker', '(789) 012-3456');
INSERT INTO BORROWER VALUES (6789012345, '1011 Maple Street, Anytown, CA 91234', 'Mary Parker', '(678) 901-2345');
INSERT INTO BORROWER VALUES (9012345678, '1213 Pine Street, Anytown, CA 91234', 'Bruce Wayne', '(901) 234-5678');
INSERT INTO BORROWER VALUES (8765432109, '1415 Cedar Street, Anytown, CA 91234', 'Clark Kent', '(876) 543-2109');

INSERT INTO BOOK_BORROWER VALUES (1, 1234567890);
INSERT INTO BOOK_BORROWER VALUES (2, 9876543210);
INSERT INTO BOOK_BORROWER VALUES (3, 3456789012);
INSERT INTO BOOK_BORROWER VALUES (4, 6789012345);
INSERT INTO BOOK_BORROWER VALUES (5, 9012345678);
INSERT INTO BOOK_BORROWER VALUES (6, 8765432109);
INSERT INTO BOOK_BORROWER VALUES (7, 1234567890);
INSERT INTO BOOK_BORROWER VALUES (8, 9876543210);
INSERT INTO BOOK_BORROWER VALUES (9, 3456789012);
INSERT INTO BOOK_BORROWER VALUES (10, 6789012345);
INSERT INTO BOOK_BORROWER VALUES (11, 9012345678);
INSERT INTO BOOK_BORROWER VALUES (12, 8765432109);
INSERT INTO BOOK_BORROWER VALUES (13, 1234567890);
INSERT INTO BOOK_BORROWER VALUES (14, 9876543210);
INSERT INTO BOOK_BORROWER VALUES (15, 3456789012);
INSERT INTO BOOK_BORROWER VALUES (16, 6789012345);
INSERT INTO BOOK_BORROWER VALUES (17, 9012345678);
INSERT INTO BOOK_BORROWER VALUES (18, 8765432109);
INSERT INTO BOOK_BORROWER VALUES (19, 1234567890);
INSERT INTO BOOK_BORROWER VALUES (20, 9876543210);
INSERT INTO BOOK_BORROWER VALUES (21, 3456789012);
INSERT INTO BOOK_BORROWER VALUES (22, 6789012345);
INSERT INTO BOOK_BORROWER VALUES (23, 9012345678);
INSERT INTO BOOK_BORROWER VALUES (24, 8765432109);
INSERT INTO BOOK_BORROWER VALUES (25, 1234567890);

INSERT INTO LIBRARY_BRANCH VALUES (1, 'Main Library');
INSERT INTO LIBRARY_BRANCH VALUES (2, 'North Branch');
INSERT INTO LIBRARY_BRANCH VALUES (3, 'South Branch');
INSERT INTO LIBRARY_BRANCH VALUES (4, 'East Branch');
INSERT INTO LIBRARY_BRANCH VALUES (5, 'West Branch');
INSERT INTO LIBRARY_BRANCH VALUES (6, 'Central Branch');
INSERT INTO LIBRARY_BRANCH VALUES (7, 'River Branch');
INSERT INTO LIBRARY_BRANCH VALUES (8, 'Mountain Branch');
INSERT INTO LIBRARY_BRANCH VALUES (9, 'Desert Branch');
INSERT INTO LIBRARY_BRANCH VALUES (10, 'Forest Branch');

INSERT INTO BRANCH_BOOK VALUES (1, 1);
INSERT INTO BRANCH_BOOK VALUES (2, 2);
INSERT INTO BRANCH_BOOK VALUES (3, 3);
INSERT INTO BRANCH_BOOK VALUES (4, 4);
INSERT INTO BRANCH_BOOK VALUES (5, 5);
INSERT INTO BRANCH_BOOK VALUES (6, 6);
INSERT INTO BRANCH_BOOK VALUES (7, 7);
INSERT INTO BRANCH_BOOK VALUES (8, 8);
INSERT INTO BRANCH_BOOK VALUES (9, 9);
INSERT INTO BRANCH_BOOK VALUES (10, 10);
INSERT INTO BRANCH_BOOK VALUES (11, 1);
INSERT INTO BRANCH_BOOK VALUES (12, 2);
INSERT INTO BRANCH_BOOK VALUES (13, 3);
INSERT INTO BRANCH_BOOK VALUES (14, 4);
INSERT INTO BRANCH_BOOK VALUES (15, 5);
INSERT INTO BRANCH_BOOK VALUES (16, 6);
INSERT INTO BRANCH_BOOK VALUES (17, 7);
INSERT INTO BRANCH_BOOK VALUES (18, 8);
INSERT INTO BRANCH_BOOK VALUES (19, 9);
INSERT INTO BRANCH_BOOK VALUES (20, 10);
INSERT INTO BRANCH_BOOK VALUES (21, 1);
INSERT INTO BRANCH_BOOK VALUES (22, 2);
INSERT INTO BRANCH_BOOK VALUES (23, 3);
INSERT INTO BRANCH_BOOK VALUES (24, 4);
INSERT INTO BRANCH_BOOK VALUES (25, 5);
